livros,autor,tipo
O investidor de bom senso,John C. Bogle,não ficção
storytelling com dados,Cole Nussbaumer Knaflic,não ficção
Antifrágil,Nassim Nicholas Taleb,não ficção
A essência da Estratégia,"Karen Maccreadi, Tim Phillips",não ficção
Data Science para Negócios,"Foster Provost, Tom Fawcett",não ficção
A segunda guerra mundial,Antony Beevor,não ficção
filhos de sarajevo,Bruno Marfinati,não ficção
o mais longo dos dias,Cornelius Ryan,não ficção
with the old breed,E.B. Sledge,não ficção
charlie oscar tango,"Eduardo Maia Betini, Fabiano Tomazi",não ficção
guerra,ian morris,não ficção
1932 a guerra de são paulo,Irany Paraná do Brasil,não ficção
1932 São paulo em armas,João Paulo Martino,não ficção
Dias de inferno na síria,Klester Cavalcanti,não ficção
lion rampant,robert woollcombe,não ficção
guerra secreta,Mark Mazzetti,não ficção
a arte da guerra,Sun Tzu,não ficção
uma breve história do século xx,Geoffrey Blainey,não ficção
uma breve história do mundo,Geoffrey Blainey,não ficção
guia politicamente incorreto da história do brasil,Leandro Narloch,não ficção
politicamente incorreto o guia dos guias,Leandro Narloch,não ficção
guia politicamente incorreto da economia brasileira,Leandro Narloch,não ficção
guia politicamente incorreto da história do mundo,Leandro Narloch,não ficção
guia politicamente incorreto da política brasileira,Rodrigo da Silva,não ficção
guia politicamente incorreto da filosofia,Luiz Felipe Pondé,não ficção
história concisa dos estados unidos da américa,Susan-Mary Grant,não ficção
as idéias e mentes mais brilhantes de todos os tempos,Will Durant,não ficção
sapiens uma breve história da humanidade,yuval noah harari,não ficção
retórica,aristóteles,não ficção
política,aristóteles,não ficção
como vencer um debate sem precisar ter razão,"Arthur Schopenhauer, Olavo de Carvalho",não ficção
38 estratégias para vencer qualquer debate,Arthur Schopenhauer,não ficção
a arte da prudência,Baltasar Gracián,não ficção
cristianismo puro e simples,C.S. Lewis,não ficção
o saber dos antigos,giovanni reale,não ficção
12 regras para a vida,Jordan B. Peterson,não ficção
a república de platão,platão,não ficção
as ideias têm consequências,richard weaver,não ficção
em busca de sentido,Viktor E. Frankl,não ficção
sobre a brevidade da vida,Sêneca,não ficção
como as guerras civis começam,Barbara F. Walter,não ficção
"sobre armas, leis e loucos",Bene Barbosa,não ficção
"direitos máximos, deveres mínimos",Bruno Garschagen,não ficção
técnicas de golpe de estado,curzio malaparte,não ficção
o caminho da servidão,F. A. Hayek,não ficção
da ditadura à democracia,Gene Sharp,não ficção
o imbecil coletivo,Olavo de Carvalho,não ficção
48 leis do poder,Robert Greene,não ficção
jogando para ganhar,Roberto Motta,não ficção
o choque de civilizações,samuel p. huntington,não ficção
as ideias conservadoras,João Pereira Coutinho,não ficção
por que o brasil é um país atrasado?,Luiz Philippe de Orleans e Bragança,não ficção
Os 7 poderes,Luiz Philippe De Orleans e Bragança,não ficção
a libertadora,"Ton Martins, Mario Jorge Panno de Mattos, Joanisval Brito, Renata Tavares",não ficção
uma nova constituição para o brasil,Modesto Carvalhosa,não ficção
o príncipe,Nicolau Maquiavel,não ficção
brasil insurgente,Mércio Gomes,não ficção
as leis da natureza humana,Robert Greene,não ficção
introdução à ciência política,Darcy Azambuja,não ficção
o jardim das aflições,Olavo de Carvalho,não ficção
estudos de estratégia,Obino Lacerda Alvares,não ficção
a ciência da política,Adriano Gianturco,não ficção
as armas da persuasão,Robert B. Cialdini,não ficção
33 estratégias de guerra,Robert Greene,não ficção
O Essencial de Olavo de Carvalho,Olavo de Carvalho,não ficção
Passaporte 2030,Guilherme Fiuza,não ficção
Huckleberry Finn,Mark Twain,ficcção
o estrangeiro,Albert Camus,ficcção
e não sobrou nenhum,Agatha Christie,ficcção
admirável mundo novo,Aldous Huxley,ficcção
the beach,Alex Garland,ficcção
Misto-quente,Charles Bukowski,ficcção
mulheres,Charles Bukowski,ficcção
cartas na rua,Charles Bukowski,ficcção
um conto de duas cidades,Charles Dickens,ficcção
great expectations,Charles Dickens,ficcção
Cidade de ladrões,David Benioff,ficcção
o deserto dos tártaros,Dino Buzzati,ficcção
nada de novo no front,Erich Maria (pseud.) Remarque,ficcção
o velho e o mar,Ernest Hemingway,ficcção
crime e castigo,Fiódor Dostoiévski,ficcção
memórias do subsolo,Fiódor Dostoiévski,ficcção
irmãos karamazov,Fyodor Dostoevsky,ficcção
a metamorfose,Franz Kafka,ficcção
na colônia penal,Franz Kafka,ficcção
a revolução dos bichos,George Orwell,ficcção
cem anos de solidão,Gabriel García Márquez,ficcção
1984,George Orwell,ficcção
angústia,Graciliano Ramos,ficcção
insônia,Graciliano Ramos,ficcção
ilíada,Homero,ficcção
pé na estrada,Jack Kerouac,ficcção
ensaio sobre a cegueira,José Saramago,ficcção
ensaio sobre a lucidez,José Saramago,ficcção
o coração das trevas,Joseph Conrad,ficcção
o apanhador no campo de centeio,J. D. Salinger,ficcção
fome,Knut Hamsun,ficcção
Matadouro cinco,Kurt Vonnegut,ficcção
a morte de ivan ilitch,Liev Tolstói,ficcção
anna karenina,Leo Tolstoi,ficcção
triste fim de policarpo quaresma,Lima Barreto,ficcção
dom casmurro,Machado de Assis,ficcção
a insustentável leveza do ser,Milan Kundera,ficcção
a vida como ela é,Nelson Rodrigues,ficcção
alta fidelidade,Nick Hornby,ficcção
o retrato de dorian gray,Oscar Wilde,ficcção
senhor das moscas,William Golding,ficcção
o corcunda de notredame,VICTOR HUGO,ficcção
a montanha mágica,Thomas Mann,ficcção
o senhor dos anéis a sociedade do anel,J.R.R. Tolkien,ficcção
o senhor dos anéis as duas torres,J.R.R. Tolkien,ficcção
o senhor dos anéis o retorno do rei,J.R.R. Tolkien,ficcção
A queda de gondolin,J.R.R. Tolkien,ficcção
Oblomov,Gontcharov,ficcção
Pare de acreditar no governo,Bruno Garschagen,não ficção
1177 o ano em que a civilização colapsou,Eric Cline,não ficção
democracia o deus que falhou,Hans-Hermann Hoppe,não ficção
os artigos federalistas,"Alexandre Hamilton, John Jay, James Madison",não ficção
a rebelião das massas,José Ortega y Gasset,não ficção
império de verdades,Luiz Philippe de Orleans e Bragança,não ficção
as seis lições,Ludwig Von Mises,não ficção
anatomia do estado,Murray N. Rothbard,não ficção
esquerda e direita,Murray N. Rothbard,não ficção
do espírito das leis,Montesquieu,não ficção
aristóteles para todos,Mortimer J. Adler,não ficção
dez erros filosóficos,Mortimer J. Adler,não ficção
arriscando a própria pele,Nassim Nicholas Taleb,não ficção
o poder dos boatos,Nicholas Difonzo,não ficção
a nova era e a revolução cultural,Olavo de Carvalho,não ficção
a filosofia e seu inverso,Olavo de Carvalho,não ficção
a longa marcha da vaca para o brejo,Olavo de Carvalho,não ficção
os eua e a nova ordem mundial,"Olavo De Carvalho, Alexandre Dugin",não ficção
o foro de são paulo,Olavo de Carvalho,não ficção
lógica socrática,Peter Kreeft,não ficção
fim dos tempos,Peter Turchin,não ficção
o banquete,Platão,não ficção
a mente trágica,Robert D. Kaplan,não ficção
os arquitetos das américas,Rodrigo Saraiva Marinho,não ficção
esquerda caviar,Rodrigo Constantino,não ficção
partido persuasão,Victor Palandi,não ficção
guerra cultural na prática,"Cristián Rodrigo Iturralde, Eduardo Bolsonaro, Lara Brenne, Hélio Angotti",não ficção
a corrupçao da inteligência,Flávio Gordon,não ficção
SPQR,Mary Beard,não ficção
ponerologia psicopatas no poder,Andrew Lobaczewski,não ficção
a cultura importa,Roger Scruton,não ficção
confissões de santo agostinho,Santo Agostinho,não ficção
"tesouros, fantasmas e lendas de ouro preto",Angela Leite Xavier,não ficção
walden and civil disobedience,Henry David Thoreau,não ficção
a ciência médica de house,Andrew Holtz,não ficção
arquipélago gulag,Aleksandr Soljenítsyn,não ficção
noites brancas,Fiódor Dostoiévski,ficcção
contos de kolimá,Varlam Chalamov,ficcção
a linha de sombra,Joseph Conrad,ficcção
lolita,Vladimir Nabokov,ficcção
dublinenses,James Joyce,ficcção
odisseia,Homero,ficcção
essencial franz kafka,Franz Kafka,ficcção
romeu e julieta,William Shakespeare,ficcção
macbeth,William Shakespeare,ficcção
hamlet,William Shakespeare,ficcção
memórias da casa dos mortos,Fiódor Dostoiévski,ficcção
Gente pobre & A anfitriã,Fiódor Dostoiévski,ficcção
os demônios,Fiódor Dostoiévski,ficcção
to kill a mocking bird,Harper Lee,ficcção
almas mortas,Nikolai Gogol,ficcção
madame bovary,Gustave Flaubert,ficcção
viagens de gulliver,Jonathan Swift,ficcção
novelas exemplares,Miguel de Cervantes,ficcção
o sol também se levanta,Ernest Hemingway,ficcção
dom quixote,Miguel de Cervantes,ficcção
contos e novelas russas,"karamzin, gárchin, gógol, turguenev",ficcção
frankestein,mary shelley,ficcção
drácula,Bram Stocker,ficcção
o médico e o monstro,Robert Louis Stevenson,ficcção
